{
    "stat_LGE":
        {
         "Tair_30d"   : [20.575889711206766 , 5.078053372395363],
         "Rad_30d"    : [858.9033057514562  , 175.3634813861693],
         "VPD_30d"    : [1.0394898796472911 , 0.5602243211813794],
         "CO2_30d"    : [382.2245603695022  , 16.258870877385394],
         "day_len_30d": [15.124435647451415 , 1.9871417128634257],
         "Tair_10yr"  : [12.704509643386602 , 5.81300264723433],
         "Rad_10yr"   : [396.9719882543486  , 86.59980031204505],
         "VPD_10yr"   : [0.5213303030825783 , 0.3064563664174755],
         "CO2_10yr"   : [372.01669791000955 , 14.337212040083585],
         "Precip_10yr": [3.2154889518739473 , 1.812706561862821],
         "LNC"        : [1.3553346371632455 , 0.2829987513214608],
         "LCC"        : [33.717522170649005 , 12.399907115768409],
         "SLA"        : [13.352447242854666 , 3.5544136982856416]
         },

    "stat_LGE_C3" :
    {
      "Tair_30d"    : [20.42908422311824  , 5.113742670607599],
      "Rad_30d"     : [856.4655049848283  , 177.80995466020713],
      "VPD_30d"     : [1.0349126420978756 , 0.5695815799747435],
      "CO2_30d"     : [381.27947141286813 , 15.659579220838236],
      "day_len_30d" : [15.113557220268731 , 2.0232688229784346],
      "LNC"         : [1.36925151551152   , 0.27896213434912626],
      "LCC"         : [33.74007665199546  , 12.62181380085687],
      "SLA"         : [13.115818823424224 , 3.4062561557210356]
    },

    "stat_LGE_V":
    {
      "Tair_30d"    : [20.550450256430466 , 5.164647035953924 , 12.787312292674244, 28.40683836164692],
      "Rad_30d"     : [854.8358756823634  , 194.6089945184477 , 557.3434375       , 1167.1446477826512],
      "VPD_30d"     : [1.051850797784231  , 0.5768524465949689, 0.4257111973199947, 2.525565740395422],
      "CO2_30d"     : [381.8558953503942  , 16.089630297454022, 356.1886956521739 , 416.25],
      "day_len_30d" : [15.078356741797684 , 1.9802076953300607, 12.225806451612904, 18.580645161290324],
      "Tair_10yr"   : [12.784162909745328 , 5.8797084038597935, 6.11505142158893  , 26.058710220657645],
      "Rad_10yr"    : [397.5498165151792  , 85.89458470702007 , 241.12321699292752, 554.6348733742719],
      "Precip_10yr" : [3.258715284160408  , 1.8412126705309226, 0.8608340306298999, 7.054924812674201],
      "LNC"         : [1.3845901251164896 , 0.3481210958424568, 0.9449471900508878, 1.9809242936184293]
    },

    "stat_LGE_V_C3":
    {
      "Tair_30d"    : [20.584317286875812 , 5.115610772707325],
      "Rad_30d"     : [857.4878793616833  , 176.5628369940704],
      "VPD_30d"     : [1.033621896900209  , 0.5619491809205478],
      "CO2_30d"     : [381.8305926443987  , 16.083536802535324],
      "day_len_30d" : [15.079095931199566 , 1.9786900920820591],
      "Tair_10yr"   : [12.779186433588523 , 5.879148393125169],
      "Rad_10yr"    : [397.46764915821717 , 85.84938427050093],
      "Precip_10yr" : [3.2574873179056145 , 1.8397818559647956],
      "LNC"         : [1.3862119090935114 , 0.3522645582601501],
      "LCC"         : [33.70923101080371  , 12.306300148394355]
    }

}